{
    "action": {
        "min": [
            62.94505310058594,
            -104.74725341796875,
            -0.3956044018268585,
            -103.03296661376953,
            -6.8131866455078125,
            0.0
        ],
        "max": [
            99.51648712158203,
            54.021976470947266,
            97.89010620117188,
            28.83516502380371,
            1.9780219793319702,
            37.88109588623047
        ],
        "mean": [
            81.69657897949219,
            -31.99632453918457,
            51.11513137817383,
            -31.544008255004883,
            1.0215808153152466,
            9.922738075256348
        ],
        "std": [
            9.285746574401855,
            58.57948684692383,
            40.04662322998047,
            41.975128173828125,
            1.454750657081604,
            14.528563499450684
        ],
        "count": [
            880
        ],
        "q01": [
            63.30272026062012,
            -104.58770409217247,
            -0.3956044018268585,
            -103.03296661376953,
            -6.460835075378418,
            0.9858372199919916
        ],
        "q10": [
            69.54254150390625,
            -104.5748072697566,
            0.30038127303123474,
            -102.85904301823797,
            0.9233518849248471,
            1.0655344842392722
        ],
        "q50": [
            83.60582188197544,
            -0.7258906046549479,
            55.08668327331543,
            -29.450546264648438,
            1.3611231909857855,
            1.2964977849613537
        ],
        "q90": [
            94.85728454589844,
            38.11329650878906,
            97.45362505996437,
            15.226371765136719,
            1.889023836921243,
            37.57122199089972
        ],
        "q99": [
            99.42578735351563,
            54.000479184664215,
            97.72839263916016,
            28.74373830159505,
            1.9776854877886565,
            37.577815598707936
        ]
    },
    "observation.state": {
        "min": [
            62.901100158691406,
            -104.21977996826172,
            0.7032967209815979,
            -102.02198028564453,
            -6.285714149475098,
            1.6449623107910156
        ],
        "max": [
            99.47252655029297,
            54.373626708984375,
            96.70330047607422,
            28.615385055541992,
            1.890109896659851,
            37.55997085571289
        ],
        "mean": [
            81.5843505859375,
            -30.513084411621094,
            51.65114974975586,
            -31.12174415588379,
            0.9330645203590393,
            12.441699981689453
        ],
        "std": [
            9.233515739440918,
            59.263153076171875,
            39.300045013427734,
            41.970062255859375,
            1.4197070598602295,
            13.455408096313477
        ],
        "count": [
            880
        ],
        "q01": [
            63.52135238647461,
            -104.21977996826172,
            0.8779505154182171,
            -102.02198028564453,
            -6.198723411560058,
            1.6449623107910156
        ],
        "q10": [
            69.67412567138672,
            -104.21977996826172,
            1.7592966556549072,
            -102.02198028564453,
            0.7472823393546929,
            1.713592611659657
        ],
        "q50": [
            83.55907948811848,
            2.415790557861328,
            55.749698638916016,
            -28.342506408691406,
            1.2752881050109863,
            3.088745594024658
        ],
        "q90": [
            94.8096694946289,
            40.41741180419922,
            96.45107292523844,
            15.607847825536188,
            1.7145137187698125,
            37.55491397094727
        ],
        "q99": [
            99.11888389587402,
            54.360940551757814,
            96.69954667833116,
            28.60261099073622,
            1.8027562035454645,
            37.559465167236326
        ]
    },
    "timestamp": {
        "min": [
            0.0
        ],
        "max": [
            29.3
        ],
        "mean": [
            14.65
        ],
        "std": [
            8.467798480780651
        ],
        "count": [
            880
        ],
        "q01": [
            0.26838799990183193
        ],
        "q10": [
            2.9006999999197993
        ],
        "q50": [
            14.638279999999918
        ],
        "q90": [
            26.370000000079997
        ],
        "q99": [
            29.031612000098164
        ]
    },
    "frame_index": {
        "min": [
            0
        ],
        "max": [
            879
        ],
        "mean": [
            439.5
        ],
        "std": [
            254.03395442341954
        ],
        "count": [
            880
        ],
        "q01": [
            8.051639999901832
        ],
        "q10": [
            87.02099999991981
        ],
        "q50": [
            439.1483999999999
        ],
        "q90": [
            791.10000000008
        ],
        "q99": [
            870.9483600000982
        ]
    },
    "episode_index": {
        "min": [
            0
        ],
        "max": [
            0
        ],
        "mean": [
            0.0
        ],
        "std": [
            0.0
        ],
        "count": [
            880
        ],
        "q01": [
            3.9999999999994176e-16
        ],
        "q10": [
            3.999999999999417e-15
        ],
        "q50": [
            1.9999999999997088e-14
        ],
        "q90": [
            3.599999999999476e-14
        ],
        "q99": [
            3.9599999999994235e-14
        ]
    },
    "index": {
        "min": [
            0
        ],
        "max": [
            879
        ],
        "mean": [
            439.5
        ],
        "std": [
            254.03395442341954
        ],
        "count": [
            880
        ],
        "q01": [
            8.051639999901832
        ],
        "q10": [
            87.02099999991981
        ],
        "q50": [
            439.1483999999999
        ],
        "q90": [
            791.10000000008
        ],
        "q99": [
            870.9483600000982
        ]
    },
    "task_index": {
        "min": [
            0
        ],
        "max": [
            0
        ],
        "mean": [
            0.0
        ],
        "std": [
            0.0
        ],
        "count": [
            880
        ],
        "q01": [
            3.9999999999994176e-16
        ],
        "q10": [
            3.999999999999417e-15
        ],
        "q50": [
            1.9999999999997088e-14
        ],
        "q90": [
            3.599999999999476e-14
        ],
        "q99": [
            3.9599999999994235e-14
        ]
    }
}