{
    "action": {
        "min": [
            69.62637329101562,
            -106.4175796508789,
            1.0109890699386597,
            -103.64835357666016,
            -5.406593322753906,
            0.0
        ],
        "max": [
            100.30769348144531,
            62.46154022216797,
            97.62637329101562,
            12.04395580291748,
            1.6263736486434937,
            37.27134323120117
        ],
        "mean": [
            80.21842956542969,
            -26.695411682128906,
            54.854549407958984,
            -55.94795227050781,
            0.002591480268165469,
            8.035340309143066
        ],
        "std": [
            7.2954864501953125,
            65.41888427734375,
            40.23250961303711,
            36.25737380981445,
            1.912211298942566,
            11.478436470031738
        ],
        "count": [
            882
        ],
        "q01": [
            69.71395690917969,
            -104.59103198077227,
            1.0109890699386597,
            -103.38639370727539,
            -5.406593322753906,
            0.91213414478302
        ],
        "q10": [
            73.3157071358817,
            -103.69119689941407,
            2.069893741607666,
            -103.13424549794567,
            -3.5605751384388316,
            0.9863908882324512
        ],
        "q50": [
            79.91688537597656,
            -10.663116455078125,
            61.76274490356445,
            -53.53044509887695,
            0.6596568822860718,
            1.5995984007330502
        ],
        "q90": [
            86.506005859375,
            52.602805519104,
            97.44649987544409,
            -19.151318359374997,
            1.4512450569554378,
            26.832485020955403
        ],
        "q99": [
            100.30168212890625,
            62.441684814453126,
            97.54415839640299,
            11.238273162841796,
            1.6260290437936782,
            37.119342750549315
        ]
    },
    "observation.state": {
        "min": [
            69.5824203491211,
            -104.21977996826172,
            0.8791208863258362,
            -102.28571319580078,
            -5.05494499206543,
            1.7820425033569336
        ],
        "max": [
            100.26373291015625,
            62.63736343383789,
            96.79120635986328,
            11.560439109802246,
            1.4505494832992554,
            36.8060302734375
        ],
        "mean": [
            80.2805404663086,
            -25.523662567138672,
            55.188079833984375,
            -55.58278274536133,
            0.09179738163948059,
            10.040738105773926
        ],
        "std": [
            7.239957809448242,
            66.43960571289062,
            39.419151306152344,
            35.92894744873047,
            1.9988559484481812,
            10.775882720947266
        ],
        "count": [
            882
        ],
        "q01": [
            69.7592642211914,
            -104.21977996826172,
            1.3168637132644654,
            -102.28571319580078,
            -5.05494499206543,
            1.7820425033569336
        ],
        "q10": [
            73.5381591796875,
            -103.98485480743705,
            3.1637467622756956,
            -102.21160396827659,
            -4.087503487723215,
            1.7820425033569336
        ],
        "q50": [
            80.04474639892578,
            -9.077835083007812,
            63.12606430053711,
            -52.94478988647461,
            0.7479196333549392,
            2.399632136027018
        ],
        "q90": [
            86.37614440917969,
            53.14138350053267,
            96.44056606837681,
            -18.841033935546875,
            1.2741103914048937,
            26.870849709346377
        ],
        "q99": [
            100.09024230957031,
            62.622648517608646,
            96.53397254943847,
            10.243927917480468,
            1.3632634035746256,
            36.8012784752479
        ]
    },
    "timestamp": {
        "min": [
            0.0
        ],
        "max": [
            29.366666666666667
        ],
        "mean": [
            14.683333333333334
        ],
        "std": [
            8.487043502151227
        ],
        "count": [
            882
        ],
        "q01": [
            0.2691161332351661
        ],
        "q10": [
            2.9319679999199675
        ],
        "q50": [
            14.671586666666586
        ],
        "q90": [
            26.434698666746698
        ],
        "q99": [
            29.097550533431498
        ]
    },
    "frame_index": {
        "min": [
            0
        ],
        "max": [
            881
        ],
        "mean": [
            440.5
        ],
        "std": [
            254.61130506453688
        ],
        "count": [
            882
        ],
        "q01": [
            8.073483999901834
        ],
        "q10": [
            87.95903999991997
        ],
        "q50": [
            440.14759999999995
        ],
        "q90": [
            793.0409600000801
        ],
        "q99": [
            872.9265160000982
        ]
    },
    "episode_index": {
        "min": [
            0
        ],
        "max": [
            0
        ],
        "mean": [
            0.0
        ],
        "std": [
            0.0
        ],
        "count": [
            882
        ],
        "q01": [
            3.9999999999994176e-16
        ],
        "q10": [
            3.999999999999417e-15
        ],
        "q50": [
            1.9999999999997088e-14
        ],
        "q90": [
            3.599999999999476e-14
        ],
        "q99": [
            3.9599999999994235e-14
        ]
    },
    "index": {
        "min": [
            0
        ],
        "max": [
            881
        ],
        "mean": [
            440.5
        ],
        "std": [
            254.61130506453688
        ],
        "count": [
            882
        ],
        "q01": [
            8.073483999901834
        ],
        "q10": [
            87.95903999991997
        ],
        "q50": [
            440.14759999999995
        ],
        "q90": [
            793.0409600000801
        ],
        "q99": [
            872.9265160000982
        ]
    },
    "task_index": {
        "min": [
            0
        ],
        "max": [
            0
        ],
        "mean": [
            0.0
        ],
        "std": [
            0.0
        ],
        "count": [
            882
        ],
        "q01": [
            3.9999999999994176e-16
        ],
        "q10": [
            3.999999999999417e-15
        ],
        "q50": [
            1.9999999999997088e-14
        ],
        "q90": [
            3.599999999999476e-14
        ],
        "q99": [
            3.9599999999994235e-14
        ]
    }
}