{
    "action": {
        "min": [
            69.27472686767578,
            -105.80220031738281,
            -2.769230842590332,
            -103.20879364013672,
            -11.824175834655762,
            0.0
        ],
        "max": [
            98.28571319580078,
            63.868133544921875,
            97.80220031738281,
            39.736263275146484,
            1.890109896659851,
            58.6128044128418
        ],
        "mean": [
            81.91666412353516,
            -48.83224105834961,
            62.87452697753906,
            -65.53229522705078,
            -0.18555516004562378,
            7.115756988525391
        ],
        "std": [
            6.183948040008545,
            64.83069610595703,
            39.3582878112793,
            42.31343460083008,
            3.2228541374206543,
            13.59657096862793
        ],
        "count": [
            881
        ],
        "q01": [
            69.27472686767578,
            -104.13928389715622,
            -2.769230842590332,
            -103.20879364013672,
            -11.209553760528564,
            0.7620849239124972
        ],
        "q10": [
            74.3694110446506,
            -104.13267271899474,
            8.113604164123535,
            -103.03359059856166,
            -6.37270123163859,
            0.7640376175151152
        ],
        "q50": [
            83.68935726041484,
            -103.51752354548528,
            97.36032091154085,
            -99.50651931762695,
            1.1863470163820016,
            0.7727162557489732
        ],
        "q90": [
            88.0886787891388,
            42.79169616699219,
            97.37684733250758,
            1.1668258666992182,
            1.5364395026004676,
            25.761141695295063
        ],
        "q99": [
            97.84819946289062,
            63.78120593261719,
            97.45371400197347,
            39.11272521972656,
            1.888383987375668,
            58.45154099782308
        ]
    },
    "observation.state": {
        "min": [
            69.23076629638672,
            -104.21977996826172,
            -2.2857143878936768,
            -102.19779968261719,
            -11.296703338623047,
            1.7820425033569336
        ],
        "max": [
            98.24176025390625,
            64.13186645507812,
            96.43955993652344,
            39.07692337036133,
            1.890109896659851,
            57.984920501708984
        ],
        "mean": [
            81.86707305908203,
            -48.31652069091797,
            62.97887420654297,
            -64.86258697509766,
            -0.22936096787452698,
            9.323506355285645
        ],
        "std": [
            6.08131742477417,
            65.4736099243164,
            38.34768295288086,
            41.909645080566406,
            3.198925018310547,
            12.910177230834961
        ],
        "count": [
            881
        ],
        "q01": [
            69.49729817708334,
            -104.21977996826172,
            -1.4909136826113651,
            -102.19779968261719,
            -11.296703338623047,
            1.7820425033569336
        ],
        "q10": [
            74.50516001383464,
            -104.21977996826172,
            8.77349033355713,
            -102.10871469281577,
            -6.019934403896332,
            1.7820425033569336
        ],
        "q50": [
            83.55848135959727,
            -104.12582791236139,
            96.35218124389648,
            -97.97368621826172,
            1.0108236135062525,
            1.7820425033569336
        ],
        "q90": [
            87.87265014648438,
            45.172116088867185,
            96.43553170628017,
            -0.28504486083984437,
            1.627751488238573,
            25.845013421581637
        ],
        "q99": [
            97.97716115315755,
            64.11774811154321,
            96.4391571134991,
            38.37591369628906,
            1.8890033002694449,
            57.97391591813829
        ]
    },
    "timestamp": {
        "min": [
            0.0
        ],
        "max": [
            29.333333333333332
        ],
        "mean": [
            14.666666666666666
        ],
        "std": [
            8.477420991472977
        ],
        "count": [
            881
        ],
        "q01": [
            0.26875199990183235
        ],
        "q10": [
            2.9339199999200036
        ],
        "q50": [
            14.669600000000017
        ],
        "q90": [
            26.399413333413328
        ],
        "q99": [
            29.064581333431498
        ]
    },
    "frame_index": {
        "min": [
            0
        ],
        "max": [
            880
        ],
        "mean": [
            440.0
        ],
        "std": [
            254.3226297441893
        ],
        "count": [
            881
        ],
        "q01": [
            8.062559999901833
        ],
        "q10": [
            88.01759999992001
        ],
        "q50": [
            439.91200000000003
        ],
        "q90": [
            791.98240000008
        ],
        "q99": [
            871.9374400000983
        ]
    },
    "episode_index": {
        "min": [
            0
        ],
        "max": [
            0
        ],
        "mean": [
            0.0
        ],
        "std": [
            0.0
        ],
        "count": [
            881
        ],
        "q01": [
            3.9999999999994176e-16
        ],
        "q10": [
            3.999999999999417e-15
        ],
        "q50": [
            1.9999999999997088e-14
        ],
        "q90": [
            3.599999999999476e-14
        ],
        "q99": [
            3.959999999999423e-14
        ]
    },
    "index": {
        "min": [
            0
        ],
        "max": [
            880
        ],
        "mean": [
            440.0
        ],
        "std": [
            254.3226297441893
        ],
        "count": [
            881
        ],
        "q01": [
            8.062559999901833
        ],
        "q10": [
            88.01759999992001
        ],
        "q50": [
            439.91200000000003
        ],
        "q90": [
            791.98240000008
        ],
        "q99": [
            871.9374400000983
        ]
    },
    "task_index": {
        "min": [
            0
        ],
        "max": [
            0
        ],
        "mean": [
            0.0
        ],
        "std": [
            0.0
        ],
        "count": [
            881
        ],
        "q01": [
            3.9999999999994176e-16
        ],
        "q10": [
            3.999999999999417e-15
        ],
        "q50": [
            1.9999999999997088e-14
        ],
        "q90": [
            3.599999999999476e-14
        ],
        "q99": [
            3.959999999999423e-14
        ]
    }
}