{
    "action": {
        "min": [
            66.46154022216797,
            -104.21977996826172,
            24.30769157409668,
            -103.64835357666016,
            -3.8241758346557617,
            0.0
        ],
        "max": [
            114.02198028564453,
            30.813186645507812,
            97.62637329101562,
            29.80219841003418,
            1.5384615659713745,
            40.85365676879883
        ],
        "mean": [
            86.93962860107422,
            -70.62669372558594,
            76.66449737548828,
            -51.672698974609375,
            0.5890113711357117,
            7.89999532699585
        ],
        "std": [
            11.716896057128906,
            51.19518280029297,
            28.507606506347656,
            49.92913818359375,
            1.1901320219039917,
            13.934858322143555
        ],
        "count": [
            880
        ],
        "q01": [
            66.63808685302735,
            -104.21977996826172,
            25.360546875,
            -103.47780441284179,
            -3.8241758346557617,
            0.6052429051960215
        ],
        "q10": [
            69.98101043701172,
            -104.21977996826172,
            30.466461181640625,
            -103.29654403989106,
            0.5711395523764871,
            0.6798795905767703
        ],
        "q50": [
            91.33885333849037,
            -104.21977996826172,
            97.45260563713103,
            -37.71044158935547,
            0.7475957223570843,
            0.7646563614471049
        ],
        "q90": [
            98.55532836914062,
            22.994773864746094,
            97.46264770151576,
            7.907958030700684,
            1.4514137544939596,
            35.82865524291992
        ],
        "q99": [
            113.75982849121094,
            30.80438153302228,
            97.46490716600232,
            29.431204223632815,
            1.5383323039094063,
            40.7756851196289
        ]
    },
    "observation.state": {
        "min": [
            66.68132019042969,
            -104.48351287841797,
            26.901098251342773,
            -102.37362670898438,
            -3.296703338623047,
            1.5764222145080566
        ],
        "max": [
            108.35164642333984,
            31.25274658203125,
            96.70330047607422,
            29.318681716918945,
            1.4505494832992554,
            40.438655853271484
        ],
        "mean": [
            86.78849792480469,
            -70.27165222167969,
            76.54151916503906,
            -50.99946594238281,
            0.6607368588447571,
            10.880736351013184
        ],
        "std": [
            11.303130149841309,
            51.50448989868164,
            27.47610855102539,
            49.505924224853516,
            1.0581144094467163,
            13.116249084472656
        ],
        "count": [
            880
        ],
        "q01": [
            66.94601196289062,
            -104.48351287841797,
            27.163555145263672,
            -102.37362670898438,
            -3.296703338623047,
            1.5764222145080566
        ],
        "q10": [
            69.8482666015625,
            -104.31969121150199,
            32.08391189575195,
            -102.21232598044655,
            0.13244087355477469,
            1.5764222145080566
        ],
        "q50": [
            91.21013946533203,
            -103.58765411376953,
            96.44060941815151,
            -36.62442243860123,
            0.9233139543648226,
            1.6454513758656846
        ],
        "q90": [
            98.33409881591797,
            23.346118927001953,
            96.44989968427863,
            7.792474110921224,
            1.3629503501088995,
            34.959083557128906
        ],
        "q99": [
            108.35033602033343,
            31.245042960874496,
            96.45198999415724,
            29.31068932105755,
            1.450448838486729,
            40.437260328020365
        ]
    },
    "timestamp": {
        "min": [
            0.0
        ],
        "max": [
            29.3
        ],
        "mean": [
            14.65
        ],
        "std": [
            8.467798480780651
        ],
        "count": [
            880
        ],
        "q01": [
            0.26838799990183193
        ],
        "q10": [
            2.9006999999197993
        ],
        "q50": [
            14.638279999999918
        ],
        "q90": [
            26.370000000079997
        ],
        "q99": [
            29.031612000098164
        ]
    },
    "frame_index": {
        "min": [
            0
        ],
        "max": [
            879
        ],
        "mean": [
            439.5
        ],
        "std": [
            254.03395442341954
        ],
        "count": [
            880
        ],
        "q01": [
            8.051639999901832
        ],
        "q10": [
            87.02099999991981
        ],
        "q50": [
            439.1483999999999
        ],
        "q90": [
            791.10000000008
        ],
        "q99": [
            870.9483600000982
        ]
    },
    "episode_index": {
        "min": [
            0
        ],
        "max": [
            0
        ],
        "mean": [
            0.0
        ],
        "std": [
            0.0
        ],
        "count": [
            880
        ],
        "q01": [
            3.9999999999994176e-16
        ],
        "q10": [
            3.999999999999417e-15
        ],
        "q50": [
            1.9999999999997088e-14
        ],
        "q90": [
            3.599999999999476e-14
        ],
        "q99": [
            3.9599999999994235e-14
        ]
    },
    "index": {
        "min": [
            0
        ],
        "max": [
            879
        ],
        "mean": [
            439.5
        ],
        "std": [
            254.03395442341954
        ],
        "count": [
            880
        ],
        "q01": [
            8.051639999901832
        ],
        "q10": [
            87.02099999991981
        ],
        "q50": [
            439.1483999999999
        ],
        "q90": [
            791.10000000008
        ],
        "q99": [
            870.9483600000982
        ]
    },
    "task_index": {
        "min": [
            0
        ],
        "max": [
            0
        ],
        "mean": [
            0.0
        ],
        "std": [
            0.0
        ],
        "count": [
            880
        ],
        "q01": [
            3.9999999999994176e-16
        ],
        "q10": [
            3.999999999999417e-15
        ],
        "q50": [
            1.9999999999997088e-14
        ],
        "q90": [
            3.599999999999476e-14
        ],
        "q99": [
            3.9599999999994235e-14
        ]
    }
}