{
    "action": {
        "min": [
            71.12088012695312,
            -106.06593322753906,
            -11.472527503967285,
            -103.82417297363281,
            -12.351648330688477,
            0.0
        ],
        "max": [
            100.3956069946289,
            66.5934066772461,
            98.06593322753906,
            36.21977996826172,
            2.065934181213379,
            32.317073822021484
        ],
        "mean": [
            79.87606048583984,
            -11.375072479248047,
            39.1562614440918,
            -33.990779876708984,
            -0.7479497194290161,
            7.228207111358643
        ],
        "std": [
            7.270008563995361,
            62.906394958496094,
            40.6057014465332,
            41.69806671142578,
            3.6535000801086426,
            10.942285537719727
        ],
        "count": [
            881
        ],
        "q01": [
            71.47454864501952,
            -103.61082724998737,
            -11.106093964576722,
            -103.31007228851318,
            -11.559229249954223,
            0.7625294683873654
        ],
        "q10": [
            72.52963388616388,
            -103.53503038175813,
            -5.951241207122803,
            -103.1101646358684,
            -6.900113194329398,
            0.9918821405172348
        ],
        "q50": [
            76.83292698860168,
            4.799108478384958,
            34.413137435913086,
            -19.503711700439453,
            0.9224824905395508,
            1.218062305548152
        ],
        "q90": [
            89.67461547851562,
            60.20154876708984,
            97.44221325610057,
            12.662982177734374,
            1.9767747937416544,
            29.346935218811034
        ],
        "q99": [
            100.30654479980468,
            66.39276077270507,
            97.78173030308315,
            35.41283935546875,
            2.065343314769656,
            31.86122230529785
        ]
    },
    "observation.state": {
        "min": [
            71.34066009521484,
            -104.13186645507812,
            -11.516483306884766,
            -102.19779968261719,
            -11.912087440490723,
            1.7820425033569336
        ],
        "max": [
            100.17582702636719,
            66.76923370361328,
            96.70330047607422,
            35.912086486816406,
            1.890109896659851,
            31.3913631439209
        ],
        "mean": [
            79.7467041015625,
            -10.368158340454102,
            39.56035232543945,
            -33.594364166259766,
            -0.8000372648239136,
            10.125755310058594
        ],
        "std": [
            7.268195152282715,
            63.58302307128906,
            40.01193618774414,
            41.50772476196289,
            3.6681432723999023,
            9.866422653198242
        ],
        "count": [
            881
        ],
        "q01": [
            71.43155725097657,
            -104.13186645507812,
            -11.423825668334961,
            -102.19779968261719,
            -11.736930859088897,
            1.7820425033569336
        ],
        "q10": [
            72.2218505859375,
            -104.13186645507812,
            -5.7099506735801695,
            -102.09984524939671,
            -7.254301397800446,
            1.7820425033569336
        ],
        "q50": [
            76.61709941517223,
            7.187935678582442,
            35.41843795776367,
            -20.53342056274414,
            1.1869511401399653,
            10.073398725006932
        ],
        "q90": [
            89.5408432006836,
            60.88853454589844,
            96.43479294626336,
            13.657066345214844,
            1.7150215292695778,
            29.26747147696359
        ],
        "q99": [
            100.00020530700684,
            66.57064208984374,
            96.59919143676758,
            35.72398513793945,
            1.7161212032643993,
            31.321426658630372
        ]
    },
    "timestamp": {
        "min": [
            0.0
        ],
        "max": [
            29.333333333333332
        ],
        "mean": [
            14.666666666666666
        ],
        "std": [
            8.477420991472977
        ],
        "count": [
            881
        ],
        "q01": [
            0.26875199990183235
        ],
        "q10": [
            2.9339199999200036
        ],
        "q50": [
            14.669600000000017
        ],
        "q90": [
            26.399413333413328
        ],
        "q99": [
            29.064581333431498
        ]
    },
    "frame_index": {
        "min": [
            0
        ],
        "max": [
            880
        ],
        "mean": [
            440.0
        ],
        "std": [
            254.3226297441893
        ],
        "count": [
            881
        ],
        "q01": [
            8.062559999901833
        ],
        "q10": [
            88.01759999992001
        ],
        "q50": [
            439.91200000000003
        ],
        "q90": [
            791.98240000008
        ],
        "q99": [
            871.9374400000983
        ]
    },
    "episode_index": {
        "min": [
            0
        ],
        "max": [
            0
        ],
        "mean": [
            0.0
        ],
        "std": [
            0.0
        ],
        "count": [
            881
        ],
        "q01": [
            3.9999999999994176e-16
        ],
        "q10": [
            3.999999999999417e-15
        ],
        "q50": [
            1.9999999999997088e-14
        ],
        "q90": [
            3.599999999999476e-14
        ],
        "q99": [
            3.959999999999423e-14
        ]
    },
    "index": {
        "min": [
            0
        ],
        "max": [
            880
        ],
        "mean": [
            440.0
        ],
        "std": [
            254.3226297441893
        ],
        "count": [
            881
        ],
        "q01": [
            8.062559999901833
        ],
        "q10": [
            88.01759999992001
        ],
        "q50": [
            439.91200000000003
        ],
        "q90": [
            791.98240000008
        ],
        "q99": [
            871.9374400000983
        ]
    },
    "task_index": {
        "min": [
            0
        ],
        "max": [
            0
        ],
        "mean": [
            0.0
        ],
        "std": [
            0.0
        ],
        "count": [
            881
        ],
        "q01": [
            3.9999999999994176e-16
        ],
        "q10": [
            3.999999999999417e-15
        ],
        "q50": [
            1.9999999999997088e-14
        ],
        "q90": [
            3.599999999999476e-14
        ],
        "q99": [
            3.959999999999423e-14
        ]
    }
}