{
    "action": {
        "min": [
            67.95604705810547,
            -106.5934066772461,
            -7.868131637573242,
            -103.38461303710938,
            -9.274724960327148,
            0.0
        ],
        "max": [
            94.85713958740234,
            66.5934066772461,
            97.45054626464844,
            13.362637519836426,
            1.890109896659851,
            39.253047943115234
        ],
        "mean": [
            81.59184265136719,
            -47.94346237182617,
            63.9494743347168,
            -71.98898315429688,
            0.3593396246433258,
            6.254417896270752
        ],
        "std": [
            5.638092517852783,
            67.71881103515625,
            41.84406661987305,
            37.654869079589844,
            2.3697540760040283,
            11.658853530883789
        ],
        "count": [
            880
        ],
        "q01": [
            68.48545837402344,
            -104.33010428292411,
            -7.604260566017844,
            -103.38461303710938,
            -8.65887279510498,
            0.6090502965450287
        ],
        "q10": [
            74.0238254771513,
            -103.26459324758143,
            -2.75432464811537,
            -103.12434142226473,
            -3.1206679344177246,
            0.7621438536238163
        ],
        "q50": [
            84.04404577759884,
            -103.23743872015939,
            97.43044107234401,
            -103.10548715853909,
            1.1878851960445274,
            0.7680234871012099
        ],
        "q90": [
            84.13436126708984,
            49.645347595214844,
            97.44652522618755,
            -16.35787091936384,
            1.451542802759119,
            31.931875228881836
        ],
        "q99": [
            94.76620941162109,
            66.40809631347656,
            97.45014416080235,
            13.287145741780598,
            1.8025031407674155,
            33.53152313232422
        ]
    },
    "observation.state": {
        "min": [
            68.0879135131836,
            -104.21977996826172,
            -7.912087917327881,
            -102.28571319580078,
            -11.824175834655762,
            1.7820425033569336
        ],
        "max": [
            94.81318664550781,
            66.5934066772461,
            96.43955993652344,
            13.05494499206543,
            1.802197813987732,
            37.35435104370117
        ],
        "mean": [
            81.55078125,
            -47.3151741027832,
            63.8568229675293,
            -71.46994018554688,
            0.39500635862350464,
            7.920753479003906
        ],
        "std": [
            5.690847396850586,
            68.64923095703125,
            40.95204162597656,
            37.16944885253906,
            2.4822235107421875,
            10.94739818572998
        ],
        "count": [
            880
        ],
        "q01": [
            68.53048553466797,
            -104.21977996826172,
            -7.373633289337159,
            -102.28571319580078,
            -9.096285133361816,
            1.7820425033569336
        ],
        "q10": [
            73.80635724748883,
            -103.53194371165846,
            -0.9622678756713867,
            -102.21245238770089,
            -3.1218284606933593,
            1.7820425033569336
        ],
        "q50": [
            83.99638321820427,
            -103.5050401794297,
            96.42035237715334,
            -102.19391720915493,
            1.3618962916034056,
            1.7820425033569336
        ],
        "q90": [
            84.17652893066406,
            50.15610956262659,
            96.43571842464942,
            -16.5662246331936,
            1.53935042913858,
            31.664921380777276
        ],
        "q99": [
            94.46555553617931,
            66.57758315236944,
            96.43917578533603,
            12.978272428966704,
            1.713536008199056,
            32.418338775634766
        ]
    },
    "timestamp": {
        "min": [
            0.0
        ],
        "max": [
            29.3
        ],
        "mean": [
            14.65
        ],
        "std": [
            8.467798480780651
        ],
        "count": [
            880
        ],
        "q01": [
            0.26838799990183193
        ],
        "q10": [
            2.9006999999197993
        ],
        "q50": [
            14.638279999999918
        ],
        "q90": [
            26.370000000079997
        ],
        "q99": [
            29.031612000098164
        ]
    },
    "frame_index": {
        "min": [
            0
        ],
        "max": [
            879
        ],
        "mean": [
            439.5
        ],
        "std": [
            254.03395442341954
        ],
        "count": [
            880
        ],
        "q01": [
            8.051639999901832
        ],
        "q10": [
            87.02099999991981
        ],
        "q50": [
            439.1483999999999
        ],
        "q90": [
            791.10000000008
        ],
        "q99": [
            870.9483600000982
        ]
    },
    "episode_index": {
        "min": [
            0
        ],
        "max": [
            0
        ],
        "mean": [
            0.0
        ],
        "std": [
            0.0
        ],
        "count": [
            880
        ],
        "q01": [
            3.9999999999994176e-16
        ],
        "q10": [
            3.999999999999417e-15
        ],
        "q50": [
            1.9999999999997088e-14
        ],
        "q90": [
            3.599999999999476e-14
        ],
        "q99": [
            3.9599999999994235e-14
        ]
    },
    "index": {
        "min": [
            0
        ],
        "max": [
            879
        ],
        "mean": [
            439.5
        ],
        "std": [
            254.03395442341954
        ],
        "count": [
            880
        ],
        "q01": [
            8.051639999901832
        ],
        "q10": [
            87.02099999991981
        ],
        "q50": [
            439.1483999999999
        ],
        "q90": [
            791.10000000008
        ],
        "q99": [
            870.9483600000982
        ]
    },
    "task_index": {
        "min": [
            0
        ],
        "max": [
            0
        ],
        "mean": [
            0.0
        ],
        "std": [
            0.0
        ],
        "count": [
            880
        ],
        "q01": [
            3.9999999999994176e-16
        ],
        "q10": [
            3.999999999999417e-15
        ],
        "q50": [
            1.9999999999997088e-14
        ],
        "q90": [
            3.599999999999476e-14
        ],
        "q99": [
            3.9599999999994235e-14
        ]
    }
}