{
    "action": {
        "min": [
            70.76923370361328,
            -104.13186645507812,
            -6.373626232147217,
            -103.47252655029297,
            0.48351648449897766,
            0.0
        ],
        "max": [
            107.34066009521484,
            57.626373291015625,
            97.71428680419922,
            33.846153259277344,
            1.6263736486434937,
            40.01524353027344
        ],
        "mean": [
            88.299072265625,
            -76.17961883544922,
            82.80350494384766,
            -72.17615509033203,
            0.8817459344863892,
            2.71407413482666
        ],
        "std": [
            7.1671929359436035,
            46.86747741699219,
            26.6243953704834,
            42.39058303833008,
            0.2672170102596283,
            7.001546859741211
        ],
        "count": [
            1172
        ],
        "q01": [
            70.86031911214192,
            -104.13186645507812,
            -6.188210843404134,
            -103.378359375,
            0.5713213231252587,
            0.5301459650397301
        ],
        "q10": [
            76.56982383728027,
            -104.13186645507812,
            43.030661010742186,
            -103.22212298435345,
            0.7470642875980686,
            0.762562477350235
        ],
        "q50": [
            90.63747977344784,
            -104.13186645507812,
            97.44812044800136,
            -103.20253029043816,
            0.7472167201605155,
            0.9165831558551629
        ],
        "q90": [
            96.35167541503907,
            2.880911254882811,
            97.46134148987974,
            -8.51940460205078,
            1.362829353014628,
            1.3703220069408417
        ],
        "q99": [
            106.80876342773438,
            57.18250427246094,
            97.46431622430238,
            33.754472517533735,
            1.626195095062256,
            39.86121937343052
        ]
    },
    "observation.state": {
        "min": [
            71.16483306884766,
            -104.3956069946289,
            -5.1868133544921875,
            -102.28571319580078,
            0.7472527623176575,
            1.6449623107910156
        ],
        "max": [
            106.68132019042969,
            58.153846740722656,
            96.70330047607422,
            33.626373291015625,
            1.4505494832992554,
            39.479095458984375
        ],
        "mean": [
            88.3581771850586,
            -75.9255142211914,
            82.55516815185547,
            -71.48027801513672,
            1.014299988746643,
            4.459063529968262
        ],
        "std": [
            7.079383850097656,
            47.52018356323242,
            25.859209060668945,
            42.03569412231445,
            0.1781226247549057,
            7.019189357757568
        ],
        "count": [
            1172
        ],
        "q01": [
            71.33700476328532,
            -104.33013529152706,
            -4.57180477142334,
            -102.2037808783206,
            0.7472527623176575,
            1.6449623107910156
        ],
        "q10": [
            76.61874237060547,
            -104.32520851924501,
            44.211552429199216,
            -102.19963851664107,
            0.9229396714883692,
            1.6449623107910156
        ],
        "q50": [
            90.7695177863626,
            -104.30331175354705,
            96.5240701641402,
            -102.18122802028766,
            0.9230366489466499,
            1.7854357732485417
        ],
        "q90": [
            96.0462631225586,
            4.701078796386717,
            96.53717477220239,
            -8.920261747940726,
            1.3626499043570623,
            10.556661733984948
        ],
        "q99": [
            106.50393728637695,
            58.12662580217634,
            96.5401233090164,
            33.599809137980145,
            1.450525259480757,
            39.473182047526045
        ]
    },
    "timestamp": {
        "min": [
            0.0
        ],
        "max": [
            39.03333333333333
        ],
        "mean": [
            19.516666666666666
        ],
        "std": [
            11.277571153005916
        ],
        "count": [
            1172
        ],
        "q01": [
            0.36472746656853544
        ],
        "q10": [
            3.897087999919968
        ],
        "q50": [
            19.501053333333257
        ],
        "q90": [
            35.13624533341336
        ],
        "q99": [
            38.6686058667648
        ]
    },
    "frame_index": {
        "min": [
            0
        ],
        "max": [
            1171
        ],
        "mean": [
            585.5
        ],
        "std": [
            338.32713459017737
        ],
        "count": [
            1172
        ],
        "q01": [
            10.94182399990187
        ],
        "q10": [
            116.91263999991997
        ],
        "q50": [
            585.0315999999999
        ],
        "q90": [
            1054.08736000008
        ],
        "q99": [
            1160.058176000098
        ]
    },
    "episode_index": {
        "min": [
            0
        ],
        "max": [
            0
        ],
        "mean": [
            0.0
        ],
        "std": [
            0.0
        ],
        "count": [
            1172
        ],
        "q01": [
            3.9999999999994176e-16
        ],
        "q10": [
            3.999999999999417e-15
        ],
        "q50": [
            1.9999999999997088e-14
        ],
        "q90": [
            3.5999999999994754e-14
        ],
        "q99": [
            3.9599999999994235e-14
        ]
    },
    "index": {
        "min": [
            0
        ],
        "max": [
            1171
        ],
        "mean": [
            585.5
        ],
        "std": [
            338.32713459017737
        ],
        "count": [
            1172
        ],
        "q01": [
            10.94182399990187
        ],
        "q10": [
            116.91263999991997
        ],
        "q50": [
            585.0315999999999
        ],
        "q90": [
            1054.08736000008
        ],
        "q99": [
            1160.058176000098
        ]
    },
    "task_index": {
        "min": [
            0
        ],
        "max": [
            0
        ],
        "mean": [
            0.0
        ],
        "std": [
            0.0
        ],
        "count": [
            1172
        ],
        "q01": [
            3.9999999999994176e-16
        ],
        "q10": [
            3.999999999999417e-15
        ],
        "q50": [
            1.9999999999997088e-14
        ],
        "q90": [
            3.5999999999994754e-14
        ],
        "q99": [
            3.9599999999994235e-14
        ]
    }
}